{
  "lastEndpoints": 0,
  "reportAssets": "/usr/src/app/reports/Endpoints.csv",
  "reportAssetsGroup": "/usr/src/app/reports/EndpointsGroup.csv",
  "reportAssetsAttrributes": "/usr/src/app/reports/EndpointsAttributes.csv",
  "reportAssetsExploitabilityRiskFactors": "/usr/src/app/reports/EndpointsExploitabilityRiskFactors.csv",
  "reportAssetsScoresImpactRiskFactors": "/usr/src/app/reports/EndpointsScoresImpactRiskFactors.csv",
  "lastEndpointVulnerabilities": 0,
  "reportNameVulnerabilities": "/usr/src/app/reports/Vulnerabilities.csv",
  "lastEndpointsEventTask": 0,
  "reportNameEventsTasks": "/usr/src/app/reports/EndpointsEventTask.csv",
  "lastProductVersions": 0,
  "reportNameProducts": "/usr/src/app/reports/EndpointProductVersions.csv",
  "lastPatchsEndpoint": 0,
  "reportCountEndpointPatchs": "/usr/src/app/reports/EndpointCountPatchs.csv",
  "reportNameEndpointPatchs": "/usr/src/app/reports/EndpointPatchs.csv",
  "lastCVEsEndpoint": 0,
  "reportNameEndpointCVEs": "/usr/src/app/reports/EndpointCVES.csv",
  "reportNameTopiavsNessus": "/usr/src/app/reports/TopiavsNessus.csv",
  "minDateIncidentEventVulnerabilities": 1577904714000000000,
  "minDateEventLog": 0,
  "minDatexProtectLog": 0,
  "reporIncidentEventVulnerabilities": "/usr/src/app/reports/EndpointIncidentesVulnerabilities.csv",
  "reportEndpointGroups": "/usr/src/app/reports/EndpointsGroup.csv",
  "lastIncidentEventVulnerabilities": 0,
  "vRxReportsVersion": "4.7",
  "vRxSetup": 0,
  "vRxLastRun": "2019-07-02 15:00:00"
}
